{"cameraMode":{"drawMode":0,"name":"Shaded","section":"Shading Mode"},"sceneLighting":true,"audioPlay":false,"sceneViewState":{"m_AlwaysRefresh":false,"showFog":true,"showSkybox":true,"showFlares":true,"showImageEffects":true,"showParticleSystems":true,"showVisualEffectGraphs":true,"m_FxEnabled":true},"in2DMode":false,"pivot":{"x":-6.946249961853027,"y":1.6784842014312745,"z":-0.22147122025489808},"rotation":{"x":-0.06292339414358139,"y":0.033223897218704227,"z":0.002095840871334076,"w":0.9974666833877564},"size":2.9343013763427736,"orthographic":true}