{"cameraMode":{"drawMode":0,"name":"Shaded","section":"Shading Mode"},"sceneLighting":false,"audioPlay":false,"sceneViewState":{"m_AlwaysRefresh":false,"showFog":true,"showSkybox":false,"showFlares":true,"showImageEffects":true,"showParticleSystems":true,"showVisualEffectGraphs":true,"m_FxEnabled":true},"in2DMode":false,"pivot":{"x":-6.425715446472168,"y":1.3030556440353394,"z":-0.17882080376148225},"rotation":{"x":0.007426539435982704,"y":-0.13666681945323945,"z":-0.0010496302274987102,"w":-0.990637481212616},"size":2.4964191913604738,"orthographic":false}